COMPANY,TYPE,INDUSTRY,EVALUATION,CURRENCY,AV SYMBOL,CODE ,LINK
BAHLSEN ,Private,Consumer Goods,559 million,eur,,,
CAVENDISH & HARVEY,Private,Consumer Goods,23.6 million,usd,,,
DEVELEY,Private,Consumer Goods,361.92 million,usd,,,
DR OETKER,Private,Consumer Goods,10.9 billion,eur,,,
DR WOLFF,Private,Consumer Goods,278.8 million,eur,,,
FERRERO,Private,Consumer Goods,10.3 billion,eur,,,
FREIBERGER,Private,Consumer Goods,100 million,usd,,,
IKEA,Private,Consumer Goods,37.05 billion,eur,,,
LAMBERTZ,Private,Consumer Goods,100 million,usd,,,
MARS,Private,Consumer Goods,35 billion,usd,,,
SUBWAY,Private,Consumer Goods,10.41 billion,usd,,,
DM-Drogerie Markt,Private,Retailers,10.3 billion,eur,,,
REWE,Private,Retailers,57.8 billion,eur,,,
Spar International,Private,Retailers,34.5 billion,eur,,,
Arla,Private,Dairy,10.3 billion,eur,,,
DMK,Private,Dairy,1.5 billion,usd,,,
FrieslandCampina,Private,Dairy,11 billion,eur,,,
AMAGGI,Private,Commodities,3.5 billion,usd,,,
Asian Agri,Private,Commodities,,,,,
Cargill,Private,Commodities,114.7 billion,usd,,,
CENTRAL CIPTA MURDAYA,Private,Commodities,,,,,
DJARUM,Private,Commodities,,,,,
DTK OPPORTUNITY,Private,Commodities,,,,,
FANGIONO FAMILY,Private,Commodities,,,,,
GAMA PLANTATION,Private,Commodities,,,,,
HAYEL SAEED ANAM GROUP,Private,Commodities,10 billion,usd,,,
INDONUSA,Private,Commodities,,,,,
KORINDO,Private,Commodities,,,,,
Louis Dreyfus,Private,Commodities,36.5 billion,usd,,,
Musim Mas,Private,Commodities,,,,,
RIMBUNAN HIJAU,Private,Commodities,,,,,
SAMLING / GLENEALY,Private,Commodities,,,,,
TEE FAMILY / PROSPER,Private,Commodities,,,,,
2 Sisters,Private,Meat Producers,3.28 billion,gbp,,,
Danish Crown,Private,Meat Producers,62.02 billion,dkk,,,
MATABOI,Private,Meat Producers,398.6 million,usd,,,
COLGATE-PALMOLIVE ,Public,Consumer Goods,,usd,CL,NYSE: CL,"https://www.google.com/search?tbm=fin&ei=f4JCXfjdE4vTwQKE44XABg&stick=H4sIAAAAAAAAAONgecRoyi3w8sc9YSmdSWtOXmNU4-IKzsgvd80rySypFJLgYoOy-KR4uLj0c_UNzKuyyw2TeACjhHh7OgAAAA&q=NYSE:+CL&oq=COLGATE-PALMOLIVE&gs_l=finance-immersive.1.0.81i5k1l3.23829.23829.0.27663.1.1.0.0.0.0.70.70.1.1.0....0...1c.2.64.finance-immersive..0.1.70....0.Wh_o6KQfISo#scso=_m4JCXcK8NczRwAL3-KbICA8:0,_w5FaXfXIPKvJrgTh57LwDQ8:0"
BURGER KING,Public,Consumer Goods,,usd,QSR,TSE: QSR,https://www.google.com/search?q=TSE:+QSR&stick=H4sIAAAAAAAAAONgecRowS3w8sc9YSn9SWtOXmPU5OIKzsgvd80rySypFJLmYoOyBKX4uXj10_UNDZOSzSzLU3KreADbhC5APQAAAA&tbm=fin#scso=_4h1EXc7QEY35wQKv3prACA6:0
WHITBREAD ,Public,Consumer Goods,,gbp,WTB.LON,LON: WTB,https://www.google.com/search?q=LON:+WTB&stick=H4sIAAAAAAAAAONgecRoyi3w8sc9YSmdSWtOXmNU4-IKzsgvd80rySypFJLgYoOy-KR4uLj0c_UNkrNTUipNeAAz0fw2OgAAAA&tbm=fin#scso=_BJJaXYXHDO2nrgT54b-YAQ6:0
DANONE ,Public,Consumer Goods,,eur,BN.PAR,EPA: BN,https://docs.google.com/spreadsheets/d/1bQgM-EDnf11_2KBUdygD8d2hizu_aSbdKLaRm8_XDQU/edit?ts=5d5a90c6#gid=0
DUNKIN’ DONUTS,Public,Consumer Goods,,usd,DNKN,NASDAQ: DNKN,https://www.google.com/search?tbm=fin&ei=LZJaXfHoOYPnrgS5rIKwBQ&stick=H4sIAAAAAAAAAONgecRozi3w8sc9YSm9SWtOXmPU4OIKzsgvd80rySypFJLiYoOyBKT4uHj00_UNM5LKys0Lkip4AI4uBIQ8AAAA&q=NASDAQ%3A+DNKN&oq=dunkin+&gs_l=finance-immersive.1.0.81l2.43517.46542.0.49555.11.9.2.0.0.0.131.856.6j3.9.0....0...1c.1.64.finance-immersive..0.10.781...81i8k1.0.FqhQuz3vomU#scso=_YJJaXeekHqStrgSry6WABw8:0
GENERAL MILLS,Public,Consumer Goods,,usd,GIS,NYSE: GIS,https://www.google.com/search?tbm=fin&ei=YJJaXeekHqStrgSry6WABw&stick=H4sIAAAAAAAAAONgecRoyi3w8sc9YSmdSWtOXmNU4-IKzsgvd80rySypFJLgYoOy-KR4uLj0c_UNzKtyknPLeQC7qTBEOgAAAA&q=NYSE%3A+GIS&oq=general+mills&gs_l=finance-immersive.1.0.81l3.32832.35173.0.36481.13.13.0.0.0.0.158.1138.10j2.12.0....0...1c.1.64.finance-immersive..1.12.1137....0.FsVQGPjm6W8#scso=_hZJaXb_uMoCHwPAP5YqzyAg8:0
HENKEL ,Public,Consumer Goods,,usd,HENOY,OTCMKTS: HENKY,"https://www.google.com/search?tbm=fin&ei=OoVCXaa3AYHEwQKQsZKYCA&stick=H4sIAAAAAAAAAONgecRoxi3w8sc9YSndSWtOXmNU5-IKzsgvd80rySypFJLkYoOy-KV4ubj10_UNU0qKk8pzMngAGGqKcjsAAAA&q=OTCMKTS:+HENKY&oq=HENKEL&gs_l=finance-immersive.1.0.81l3.21281.21281.0.25295.1.1.0.0.0.0.68.68.1.1.0....0...1c.2.64.finance-immersive..0.1.67....0.btzRNyFBDyM#scso=_VIVCXarxDMnIwQLfgqmIBw6:0,_oJJaXdPAMKbKrgSOuZeYAg6:0"
HERSHEY ,Public,Consumer Goods,,usd,HSY,NYSE: HSY,https://www.google.com/search?tbm=fin&ei=hZJaXb_uMoCHwPAP5YqzyAg&stick=H4sIAAAAAAAAAONgecRoyi3w8sc9YSmdSWtOXmNU4-IKzsgvd80rySypFJLgYoOy-KR4uLj0c_UNzKtyzHOyeQAkBurnOgAAAA&q=NYSE%3A+HSY&oq=hershey&gs_l=finance-immersive.1.0.81l3.48949.49723.0.51263.7.7.0.0.0.0.189.756.5j2.7.0....0...1c.1.64.finance-immersive..0.7.756....0.cbXI1myvcpY#scso=_uZJaXYm2OMHHrgSm-7-QCw8:0
JOHNSON & JOHNSON ,Public,Consumer Goods,,usd,JNJ,NYSE: JNJ,"https://www.google.com/search?tbm=fin&ei=gOlDXf3BEILGwQL7o574Bg&stick=H4sIAAAAAAAAAONgecRoyi3w8sc9YSmdSWtOXmNU4-IKzsgvd80rySypFJLgYoOy-KR4uLj0c_UNzKtyzE0KeAC2snMsOgAAAA&q=NYSE%3A+JNJ&oq=JOHNSON+%26+JOHNSON&gs_l=finance-immersive.1.0.81i5k1l3.21333.21333.0.23682.1.1.0.0.0.0.65.65.1.1.0....0...1c.2.64.finance-immersive..0.1.64....0.vV7OCWEPHls#scso=_mOlDXfOONMrIwAKlgpzYCA8:0,_6JJaXcnIJ-XnrgTAoZwY8:0"
KELLOGG ,Public,Consumer Goods,,usd,K,NYSE: K,https://www.google.com/search?tbm=fin&ei=mOlDXfOONMrIwAKlgpzYCA&stick=H4sIAAAAAAAAAONgecRoyi3w8sc9YSmdSWtOXmNU4-IKzsgvd80rySypFJLgYoOy-KR4uLj0c_UNzKtyLMyMeAAJW9u1OgAAAA&q=NYSE%3A+K&oq=kellog&gs_l=finance-immersive.1.0.81l3.44123.44697.0.45958.6.6.0.0.0.0.92.420.6.6.0....0...1c.1.64.finance-immersive..0.6.419....0.5MMZDE8xqrw#scso=_FJNaXYe1HsmtrgSy6JzACQ8:0
KRAFT HEINZ,Public,Consumer Goods,,usd,KHC,NASDAQ: KHC,https://www.google.com/search?tbm=fin&ei=x-lDXe2HK8LCwALP253wBg&stick=H4sIAAAAAAAAAONgecRowS3w8sc9YSn9SWtOXmPU5OIKzsgvd80rySypFJLmYoOyBKX4uXj10_UNDZPKjJKLTQzyeADCd2hZPQAAAA&q=NASDAQ%3A+KHC&oq=kraft&gs_l=finance-immersive.1.0.81l3.16160.16742.0.18166.5.5.0.0.0.0.84.332.5.5.0....0...1c.1.64.finance-immersive..0.5.332....0.UVhK65zJL44#scso=_JpNaXYilEe-grgSw3JvwAw8:0
L’ORÉAL ,Public,Consumer Goods,,eur,LOR.BER,EPA: OR,https://www.google.com/search?tbm=fin&ei=2ulDXbPxJI3DwQK6y7_wCA&stick=H4sIAAAAAAAAAONgecRoxi3w8sc9YSndSWtOXmNU5-IKzsgvd80rySypFJLkYoOy-KV4ubj10_UNU8oMsjLyLHkAgLf39DsAAAA&q=EPA%3A+OR&oq=l%27&gs_l=finance-immersive.1.0.81i5k1l3.17068.19951.0.21557.3.3.0.0.0.0.62.177.3.3.0....0...1c.1j2.64.finance-immersive..0.2.123...81.0.tu0uaJaYxL4#scso=_R5NaXaOVLOWhrgTAk5WICA6:0
MCDONALD’S ,Public,Consumer Goods,,usd,MCD,NYSE: MCD,https://www.google.com/search?tbm=fin&ei=8elDXcuPBI_UwALwm6D4Bg&stick=H4sIAAAAAAAAAONgecRoyi3w8sc9YSmdSWtOXmNU4-IKzsgvd80rySypFJLgYoOy-KR4uLj0c_UNzKuyi5LzeABDwSuPOgAAAA&q=NYSE%3A+MCD&oq=mcdona&gs_l=finance-immersive.1.0.81l3.18936.21687.0.23097.7.7.0.0.0.0.67.364.6.6.0....0...1c.1j2.64.finance-immersive..1.5.306....0._XEFzJvkwpM#scso=_V5NaXfHhF-HnrgSH8ZHgBw8:0
MONDELEZ ,Public,Consumer Goods,,usd,MDLZ,NASDAQ: MDLZ,https://www.google.com/search?tbm=fin&ei=CepDXY6fBtHQwQLxg5j4Bg&stick=H4sIAAAAAAAAAONgecRoyi3w8sc9YSmdSWtOXmNU4-IKzsgvd80rySypFJLgYoOy-KR4uLj0c_UNiqqK0_KSeQAIaoWrOgAAAA&q=NASDAQ%3A+MDLZ&oq=mondele&gs_l=finance-immersive.1.0.81l3.15295.16119.0.17129.7.7.0.0.0.0.69.380.6.6.0....0...1c.1.64.finance-immersive..1.6.380....0.fCELDPC6Rkc#scso=_dJNaXY3iDMeorgSki63YCA8:0
Deutsche Beteiligungs AG ,Public,Consumer Goods,,eur,DBAN.DEX,ETR: DBAN,https://www.google.com/search?tbm=fin&ei=G-pDXZahB4jEwAKE656oCA&stick=H4sIAAAAAAAAAONgecRozi3w8sc9YSm9SWtOXmPU4OIKzsgvd80rySypFJLiYoOyBKT4uHj00_UNM5LKskryjE14AHB5a6U8AAAA&q=ETR%3A+DBAN&oq=deutsche+bet&gs_l=finance-immersive.1.0.81l3.34947.36937.0.38469.12.12.0.0.0.0.68.726.12.12.0....0...1c.1.64.finance-immersive..0.12.724....0.z_KpvAMAf0g#scso=_hZNaXbP3PM2HwPAP7_yAgAQ6:0
NESTLÉ ,Public,Consumer Goods,,chf,NESNE.SWI,SWX: NESN,https://www.google.com/search?tbm=fin&ei=QupDXcSvHcPGwQKqg4ngCA&stick=H4sIAAAAAAAAAONgecRozi3w8sc9YSm9SWtOXmPU4OIKzsgvd80rySypFJLiYoOyBKT4uHj00_UNDSuMcotM0rN4ALwu3V88AAAA&q=SWX%3A+NESN&oq=nestle&gs_l=finance-immersive.1.0.81l3.17014.17653.0.18467.6.6.0.0.0.0.114.341.4j1.5.0....0...1c.1.64.finance-immersive..1.5.340....0.flXaI28grW4#scso=_oJNaXb2eI-z6qwHJyKe4Dg6:0
PEPSICO ,Public,Consumer Goods,,usd,PEP,NASDAQ: PEP,https://www.google.com/search?tbm=fin&ei=aOpDXZ7gC8akwQKksaTYCA&stick=H4sIAAAAAAAAAONgecRoyi3w8sc9YSmdSWtOXmNU4-IKzsgvd80rySypFJLgYoOy-KR4uLj0c_UNzKtyyuNzeQBWookMOgAAAA&q=NASDAQ%3A+PEP&oq=pepsico&gs_l=finance-immersive.1.0.81l3.1989.3029.0.4358.7.7.0.0.0.0.59.389.7.7.0....0...1c.1.64.finance-immersive..0.7.389....0.OFK2lDiuk8g#scso=_tJNaXffmKO-HwPAP-eeDcA8:0
PROCTER & GAMBLE,Public,Consumer Goods,,usd,PG,NYSE: PG,https://www.google.com/search?tbm=fin&ei=bepDXZbpIYvYwQLN07_QCA&stick=H4sIAAAAAAAAAONgecRoyi3w8sc9YSmdSWtOXmNU4-IKzsgvd80rySypFJLgYoOy-KR4uLj0c_UNzKtyDQryeAB8uRYvOgAAAA&q=NYSE%3A+PG&oq=procter&gs_l=finance-immersive.1.0.81l3.14967.15773.0.16824.7.7.0.0.0.0.105.515.6j1.7.0....0...1c.1.64.finance-immersive..0.7.513....0.8CRdbN6d3-Y#scso=_lZZaXcyiGe_GrgTN3I_YBw8:0
RECKITT BENCKISER ,Public,Consumer Goods,,gbp,RB.LON,LON: RB,https://www.google.com/search?tbm=fin&ei=f-pDXZzCCc_MwQKanIe4Bw&stick=H4sIAAAAAAAAAONgecRoyi3w8sc9YSmdSWtOXmNU4-IKzsgvd80rySypFJLgYoOy-KR4uLj0c_UNkrOLTHONeQC9RoP-OgAAAA&q=LON%3A+RB&oq=RECKITT+BENCKISER&gs_l=finance-immersive.1.0.81l3.17343.17343.0.19531.1.1.0.0.0.0.64.64.1.1.0....0...1c.2.64.finance-immersive..0.1.63....0.IQljq8hpTLM#scso=_xJZaXcT4PKjrrgSdhqGwCg6:0
REVLON ,Public,Consumer Goods,,usd,REV,NYSE: REV,"https://www.google.com/search?tbm=fin&ei=k-pDXaimLoGlwQL6lqaYBg&stick=H4sIAAAAAAAAAONgecRoyi3w8sc9YSmdSWtOXmNU4-IKzsgvd80rySypFJLgYoOy-KR4uLj0c_UNzKuyCyuLeABWFVhqOgAAAA&q=NYSE%3A+REV&oq=revlon&gs_l=finance-immersive.1.0.81l2.15290.16240.0.17442.6.6.0.0.0.0.66.353.6.6.0....0...1c.1.64.finance-immersive..0.6.352....0.ZSINFyIm79Y#scso=_sOpDXcakNsfTwALGuIu4CQ8:0,_25ZaXf-6Eo-EwPAPmO250A88:0"
SMUCKERS,Public,Consumer Goods,,usd,SJM,NYSE: SJM,"https://www.google.com/search?tbm=fin&ei=pupDXaXfCszQwQKJ7KaYCA&stick=H4sIAAAAAAAAAONgecRoyi3w8sc9YSmdSWtOXmNU4-IKzsgvd80rySypFJLgYoOy-KR4uLj0c_UNzKtySpJzeQBMEU0zOgAAAA&q=NYSE%3A+SJM&oq=smucker&gs_l=finance-immersive.1.0.81i5k1l3.47271.51833.0.53097.11.9.2.0.0.0.87.500.8.8.0....0...1c.1j2.64.finance-immersive..1.8.441.0..81.0.vTFffBFnO18#scso=_2-pDXb-XPJHcwQKfh7OYCQ8:0,_75ZaXcj5JcP4qwHgtIi4CA8:0"
STARBUCKS ,Public,Consumer Goods,,usd,SBUX,NASDAQ: SBUX,https://www.google.com/search?tbm=fin&ei=2-pDXb-XPJHcwQKfh7OYCQ&stick=H4sIAAAAAAAAAONgecRoyi3w8sc9YSmdSWtOXmNU4-IKzsgvd80rySypFJLgYoOy-KR4uLj0c_UNzKtySgrNeQCM07tsOgAAAA&q=NASDAQ%3A+SBUX&oq=starbuck&gs_l=finance-immersive.1.0.81l3.17482.18518.0.19680.8.8.0.0.0.0.91.552.8.8.0....0...1c.1.64.finance-immersive..0.8.552....0.YJAb_KZIkC4#scso=_A5daXbaNHMiMrwTCubeYDQ8:0
UNILEVER,Public,Consumer Goods,,gbp,ULVR.LON,LON: ULVR,https://www.google.com/search?tbm=fin&ei=8OpDXbCtJIv5wQLhtJXgCA&stick=H4sIAAAAAAAAAONgecRoyi3w8sc9YSmdSWtOXmNU4-IKzsgvd80rySypFJLgYoOy-KR4uLj0c_UNii0MzdOqeACVUfOLOgAAAA&q=LON%3A+ULVR&oq=unilever&gs_l=finance-immersive.1.0.81l3.16355.17522.0.18692.8.8.0.0.0.0.104.540.7j1.8.0....0...1c.1.64.finance-immersive..0.8.539....0.mN0Xk91hLh4#scso=_LZdaXcaIKsORrgT6k6PoDw6:0
UPFIELD (KKR),Public,Consumer Goods,,usd,KKR,NYSE: KKR,"https://www.google.com/search?tbm=fin&ei=BOtDXRfLyMECg8iiwAc&stick=H4sIAAAAAAAAAONgecRoxi3w8sc9YSndSWtOXmNU5-IKzsgvd80rySypFJLkYoOy-KV4ubj10_UNU8qMsy2S43kATrxxvzsAAAA&q=NYSE%3A+KKR&oq=kkr&gs_l=finance-immersive.1.0.81l3.18165.22635.0.23674.10.8.0.2.2.0.77.500.8.8.0....0...1c.1.64.finance-immersive..0.6.370....0.hq3WUPG37pE#scso=_HOtDXZncH8POwQLdj7ngBg8:0,_UZdaXc3nG4SNrwTL6IrQBQ8:0"
YUM! BRANDS ,Public,Consumer Goods,,usd,YUM,NYSE: YUM,https://www.google.com/search?tbm=fin&ei=HOtDXZncH8POwQLdj7ngBg&stick=H4sIAAAAAAAAAONgecRoyi3w8sc9YSmdSWtOXmNU4-IKzsgvd80rySypFJLgYoOy-KR4uLj0c_UNzKtyLAtTeAD7XVOUOgAAAA&q=NYSE%3A+YUM&oq=yum&gs_l=finance-immersive.1.0.81l3.17691.17889.0.18988.3.3.0.0.0.0.122.251.2j1.3.0....0...1c.1.64.finance-immersive..0.3.251....0.pyYSJnPewMM#scso=_ZpdaXZfSCOjHrgS28pCgCQ8:0
Ahold Delhaize ,Public,Retailers,,eur,AHOB.DEX,AMS: AD,https://www.google.com/search?tbm=fin&ei=MOtDXaHkEorOwALVga_YCA&stick=H4sIAAAAAAAAAONgecRozi3w8sc9YSm9SWtOXmPU4OIKzsgvd80rySypFJLiYoOyBKT4uHj00_UNjdPNs5Iqi5J5ABL3PFk8AAAA&q=AMS%3A+AD&oq=ahold+de&gs_l=finance-immersive.1.0.81i5k1l3.16173.17243.0.24085.8.8.0.0.0.0.67.474.8.8.0....0...1c.1.64.finance-immersive..0.8.474...81.0.kgiNc4burlo#scso=_fZdaXbDrL8HHrgSm-7-QCw6:0
Carrefour ,Public,Retailers,,eur,CA.PAR,EPA: CA,https://www.google.com/search?tbm=fin&ei=SetDXYaXEcLKwQKzqKzYCA&stick=H4sIAAAAAAAAAONgecRozi3w8sc9YSm9SWtOXmPU4OIKzsgvd80rySypFJLiYoOyBKT4uHj00_UNK1NSUrILksx4AKjMyh88AAAA&q=EPA%3A+CA&oq=carrefour&gs_l=finance-immersive.1.0.81l3.16272.17447.0.18642.9.9.0.0.0.0.65.518.9.9.0....0...1c.1.64.finance-immersive..0.9.518....0.EvQmwUB3rjU#scso=_j5daXaT1EpDNrgTBp47oDw6:0&wptab=OVERVIEW
Casino ,Public,Retailers,,gbp,0HB1.ILN,EPA: CO,https://www.google.com/search?tbm=fin&ei=XOtDXfLFMYLFwQL1vbuACA&stick=H4sIAAAAAAAAAONgecRoxi3w8sc9YSndSWtOXmNU5-IKzsgvd80rySypFJLkYoOy-KV4ubj10_UNU8pMq7KLK3gAOFDzKzsAAAA&q=EPA%3A+CO&oq=casino&gs_l=finance-immersive.1.0.81l3.14650.15305.0.18506.6.6.0.0.0.0.69.369.6.6.0....0...1c.1.64.finance-immersive..0.6.368....0.T08aagJxnFI#scso=_y5daXZuaGOqmrgSE4oT4DA6:0
Costco,Public,Retailers,,usd,COST,NASDAQ: COST,"https://www.google.com/search?tbm=fin&ei=cOtDXYfRDsTWwAKz1qjQCQ&stick=H4sIAAAAAAAAAONgecRoyi3w8sc9YSmdSWtOXmNU4-IKzsgvd80rySypFJLgYoOy-KR4uLj0c_UNzKtyLNNSeAAO6DqNOgAAAA&q=NASDAQ:+COST&oq=costco&gs_l=finance-immersive.1.0.81l3.14435.15546.0.16682.8.7.1.0.0.0.94.483.7.7.0....0...1c.1.64.finance-immersive..0.7.420....0.KZKGWERk_Rs#scso=_getDXeiZJYfMwQLmtoXQBg8:0,_55daXe2cIKf2qwGgrIiACw8:0"
Kroger ,Public,Retailers,,usd,KR,NYSE: KR,"https://www.google.com/search?tbm=fin&ei=getDXeiZJYfMwQLmtoXQBg&q=kroger&oq=kroger&gs_l=finance-immersive.3..81l3.296320.296935.0.297030.6.6.0.0.0.0.110.456.5j1.6.0....0...1c.1.64.finance-immersive..0.6.455....0.cycfnjbSVmE#scso=_q-xDXfqAGcPnmwWAkYTgBQ8:0,__ZdaXZHaFK6xrgT964-oCw8:0"
METRO ,Public,Retailers,,cad,MRU.TRT,TSE: MRU,https://www.google.com/search?tbm=fin&ei=q-xDXfqAGcPnmwWAkYTgBQ&stick=H4sIAAAAAAAAAONgecRozi3w8sc9YSm9SWtOXmPU4OIKzsgvd80rySypFJLiYoOyBKT4uHj00_UNM5LKcgrjcyp5ABzSctE8AAAA&q=TSE:+MRU&oq=metro&gs_l=finance-immersive.1.1.81l3.82791.83244.0.85224.5.5.0.0.0.0.149.417.4j1.5.0....0...1c.1.64.finance-immersive..0.5.415....0.7avnmuBhoy0#scso=_GJhaXafIFqLMrgSB86jgDw6:0
Tesco ,Public,Retailers,,gbp,TSCO.LON,LON: TSCO,https://www.google.com/search?tbm=fin&ei=Ae1DXYPUHaqEmwWt1JOwCQ&stick=H4sIAAAAAAAAAONgecRoyi3w8sc9YSmdSWtOXmNU4-IKzsgvd80rySypFJLgYoOy-KR4uLj0c_UNkrOzC9LjeQA8umb7OgAAAA&q=LON:+TSCO&oq=tesco&gs_l=finance-immersive.1.0.81l3.22091.23195.0.24330.5.5.0.0.0.0.67.313.5.5.0....0...1c.1.64.finance-immersive..0.5.313....0.jKC9QxpD9cU#scso=_LJhaXZ7-KfHKrgSmoKmQBQ6:0
DairyCrest (Saputo),Public,Dairy,,cad,SAP.TRT,TSE: SAP,https://www.google.com/search?q=saputo&tbm=fin#scso=_HZlaXcu-C4WMrwSpkYQI6:0
AAK,Public,Commodities,,usd,ARHUF,STO: AAK,"https://www.google.com/search?tbm=fin&ei=a7BCXbuLNMammwWJvL-gCA&stick=H4sIAAAAAAAAAONgecRoyi3w8sc9YSmdSWtOXmNU4-IKzsgvd80rySypFJLgYoOy-KR4uLj0c_UNkrOT4y2yeACu5Zb2OgAAAA&q=STO%3A+AAK&oq=AAK&gs_l=finance-immersive.1.0.81l2.15622.15990.0.17903.3.3.0.0.0.0.87.243.3.3.0....0...1c.1.64.finance-immersive..0.3.243....0.pch2j198QiY#scso=_frBCXfSoG8qLk74PyKWegA06:0,_OJlaXeTNA4eHwPAP_LO-0Ac6:0"
ADM ,Public,Commodities,,usd,ADM,NYSE: ADM,https://www.google.com/search?tbm=fin&ei=frBCXfSoG8qLk74PyKWegA0&stick=H4sIAAAAAAAAAONgecRoyi3w8sc9YSmdSWtOXmNU4-IKzsgvd80rySypFJLgYoOy-KR4uLj0c_UNzKuySwrTeACJYzt9OgAAAA&q=NYSE%3A+ADM&oq=adm&gs_l=finance-immersive.1.0.81l3.79935.80263.0.81965.3.3.0.0.0.0.112.268.2j1.3.0....0...1c.1.64.finance-immersive..0.3.268....0.910d4alzg24#scso=_XplaXfv9MfCorgTZm5HQDQ8:0
ANGLO-EASTERN PLANTATIONS ,Public,Commodities,,gbp,AEP.LON,LON: AEP,"https://www.google.com/search?q=ANGLO-EASTERN+PLANTATIONS&tbm=fin#scso=_F7BCXdTHFaeHk74P-LmF6A06:0,_dplaXfT3I_H2qwGE3oKADA6:0"
Astra Agro Lestari ,Public,Commodities,,idr,AALI.JKT,IDX: AALI,https://www.google.com/search?tbm=fin&ei=Gu1DXZn8J4TXmwWSwIToAw&stick=H4sIAAAAAAAAAONgecRozi3w8sc9YSm9SWtOXmPU4OIKzsgvd80rySypFJLiYoOyBKT4uHj00_UNq4xLkqrK0yt5AMtiXnk8AAAA&q=IDX:+AALI&oq=Astra+Agro+Lestari&gs_l=finance-immersive.1.0.81l2.25045.49709.0.50737.24.19.4.1.1.0.89.974.15.15.0....0...1c.1j2.64.finance-immersive..4.9.548.0..81i5k1.0.5kG_htNXc_I#scso=_iplaXeCbNPHJrgSU9ZbgBQ10:0
AUSTINDO NUSANTARA JAYA ,Public,Commodities,,idr,ANJT.JKT,IDX: ANJT,https://www.google.com/search?tbm=fin&ei=Tu1DXdK2Dszc6ATfkYe4DA&stick=H4sIAAAAAAAAAONgecRowS3w8sc9YSn9SWtOXmPU5OIKzsgvd80rySypFJLmYoOyBKX4uXj10_UNDZPKzYzTU5KNeADp55pLPQAAAA&q=IDX:+ANJT&oq=AUSTINDO+NUSANTARA+JAYA&gs_l=finance-immersive.1.0.81.24029.24029.0.25204.1.1.0.0.0.0.65.65.1.1.0....0...1c.2.64.finance-immersive..0.1.65....0.T1IlGeraS7k#scso=_oplaXfW8D-6xrgTl5LqIBw10:0
Barry Callebaut ,Public,Commodities,,chf,BARN.SWI,SWX: BARN,https://www.google.com/search?tbm=fin&ei=aO1DXYHaDumImwXSlJ_wBg&stick=H4sIAAAAAAAAAONgecRoyi3w8sc9YSmdSWtOXmNU4-IKzsgvd80rySypFJLgYoOy-KR4uLj0c_UNkjNSKgvMeADSdfwvOgAAAA&q=SWX:+BARN&oq=barry+callebaut&gs_l=finance-immersive.1.0.81.24943.24943.0.25678.1.1.0.0.0.0.70.70.1.1.0....0...1c.2.64.finance-immersive..0.1.70....0.FsiQMFowHV0#scso=_tZlaXY7kDqf2qwGgrIiACw6:0
BUMITAMA ,Public,Commodities,,sgd,P8Z.SGP,SGX: P8Z,"https://www.google.com/search?tbm=fin&ei=gu1DXezgMJKBk74PrPG-kAc&stick=H4sIAAAAAAAAAONgecRozi3w8sc9YSm9SWtOXmPU4OIKzsgvd80rySypFJLiYoOyBKT4uHj00_UNDY0qk-PTDQx4AHh2yFI8AAAA&q=SGX:+P8Z&oq=bumitama&gs_l=finance-immersive.1.0.81l2.21634.22496.0.23759.8.8.0.0.0.0.71.500.8.8.0....0...1c.1.64.finance-immersive..0.8.499....0.LrQdDaM-dkA#scso=_m-1DXZO2H9WJk74P9vaC-Ag10:0,_3JlaXYXpIu_FrgTT2L_ACw10:0"
Bunge ,Public,Commodities,,usd,BG,NYSE: BG,https://www.google.com/search?tbm=fin&ei=m-1DXZO2H9WJk74P9vaC-Ag&stick=H4sIAAAAAAAAAONgecRoyi3w8sc9YSmdSWtOXmNU4-IKzsgvd80rySypFJLgYoOy-KR4uLj0c_UNzKtyKpJzeQD0rpt5OgAAAA&q=NYSE:+BG&oq=bunge&gs_l=finance-immersive.1.0.81l3.29302.29715.0.30709.5.5.0.0.0.0.148.412.4j1.5.0....0...1c.1.64.finance-immersive..0.5.412....0.fUTCgZNsZLI#scso=_7ZlaXf_qB6j1qwHtloHAAg8:0
CITRA BORNEO INDAH ,Public,Commodities,,idr,SSMS.JKT,IDX: SSMS,https://www.google.com/search?tbm=fin&ei=B_FDXcepLZKQmwWisLH4Bg&stick=H4sIAAAAAAAAAONgecRowS3w8sc9YSn9SWtOXmPU5OIKzsgvd80rySypFJLmYoOyBKX4uXj10_UNDZPKzUyTzc3NeAAQQSK-PQAAAA&q=IDX:+SSMS&oq=PT+Sawit+Sumbermas+Sarana+Tbk&gs_l=finance-immersive.1.0.81.149269.216014.0.217027.16.13.0.3.3.0.133.937.12j1.13.0....0...1c.1j2.64.finance-immersive..0.11.813...81i5k1j81i8k1.0.iSyt6EMbjM4#scso=_BJpaXdvaMZDRrgTT_JqoDw10:0
Cofco ,Public,Commodities,,hkd,1610.HKG,HKG: 1610,https://www.google.com/search?tbm=fin&ei=hfJDXbehE4zYwAL6r5LYCA&stick=H4sIAAAAAAAAAONgecRowS3w8sc9YSn9SWtOXmPU5OIKzsgvd80rySypFJLmYoOyBKX4uXj10_UNDZOLTYsLkwoqeQC4Wz0hPQAAAA&q=HKG:+1610&oq=cofco&gs_l=finance-immersive.1.0.81l3.7300.38520.0.40654.16.15.1.0.0.0.129.864.10j2.12.0....0...1c.1j2.64.finance-immersive..3.5.370.0...0.9mFpmqJrx6E#scso=_H5paXYSJIaOHrwSw_Ku4Dw10:0
ELDORADO ,Public,Commodities,,usd,EGO,NYSE: EGO,https://www.google.com/search?tbm=fin&ei=rvJDXcquJoXWwQLoypyQCA&stick=H4sIAAAAAAAAAONgecRowS3w8sc9YSn9SWtOXmPU5OIKzsgvd80rySypFJLmYoOyBKX4uXj10_UNDZOSzUyzzEuSeAB5t8jnPQAAAA&q=NYSE:+EGO&oq=eldorado&gs_l=finance-immersive.1.0.81l3.29953.283580.0.286647.25.21.4.0.0.0.88.1139.17.17.0....0...1c.1j2.64.finance-immersive..4.16.903.0...0.Ss3riySd6ds#scso=_OJpaXfXbLM2vrgSKz5mIBA8:0
FELDA/FGV ,Public,Commodities,,myr,5222.KLA,KLSE: FGV,"https://www.google.com/search?tbm=fin&ei=zvNDXcftBcvLwAK9y5yYBw&stick=H4sIAAAAAAAAAONgecRozi3w8sc9YSm9SWtOXmPU4OIKzsgvd80rySypFJLiYoOyBKT4uHj00_UNC83MipLiTZJ4AFiUc5E8AAAA&q=KLSE:+FGV&oq=fgv&gs_l=finance-immersive.1.0.81l2.19746.49008.0.50273.22.20.2.0.0.0.88.1003.15.15.0....0...1c.1j2.64.finance-immersive..5.11.607.0...0.DH7ssq4aXbQ#scso=_AfRDXZCbCYjEwAKE656oCA10:0,_S6FaXf-rKavqrgT1mbaQBQ10:0"
GAR ,Public,Commodities,,sgd,E5H.SGP,SGX: E5H,https://www.google.com/search?tbm=fin&ei=lvRDXavdGM7OwQLOwIewCQ&stick=H4sIAAAAAAAAAONgecRozi3w8sc9YSm9SWtOXmPU4OIKzsgvd80rySypFJLiYoOyBKT4uHj00_UNDY0qU7IMC415AHyVH5I8AAAA&q=SGX:+E5H&oq=GoldenResources&gs_l=finance-immersive.1.0.81i5k1l3.78402.202416.0.203825.15.12.2.1.1.0.95.797.12.12.0....0...1c.1j2.64.finance-immersive..0.11.619...81j81i8k1.0.WnzZWg6HlP0#scso=_YKJaXYitFrDprgSpopH4Cg10:0
GENTING ,Public,Commodities,,myr,4715.KLA,KLSE: GENM,"https://www.google.com/search?tbm=fin&ei=YvVDXeu_M4ikwQK31LjoCA&stick=H4sIAAAAAAAAAONgecRowS3w8sc9YSn9SWtOXmPU5OIKzsgvd80rySypFJLmYoOyBKX4uXj10_UNDZPNyg1NDJNMeAAlaZrCPQAAAA&q=KLSE:+GENM&oq=genting&gs_l=finance-immersive.1.0.81l3.24459.25056.0.27374.7.7.0.0.0.0.102.551.6j1.7.0....0...1c.1.64.finance-immersive..0.7.550....0.ODCZhFOkeBQ#scso=_f_VDXefCA4zHwAL-grTQAQ10:0,_eaJaXfGeMcr4qwG1wZSwDQ10:0"
IJM CORPORATION ,Public,Commodities,,myr,3336.KLA,KLSE: IJM,https://www.google.com/search?tbm=fin&ei=f_VDXefCA4zHwAL-grTQAQ&stick=H4sIAAAAAAAAAONgecRozi3w8sc9YSm9SWtOXmPU4OIKzsgvd80rySypFJLiYoOyBKT4uHj00_UNC83MKtKMy9N4ANivKKI8AAAA&q=KLSE:+IJM&oq=IJM+CORPORATION&gs_l=finance-immersive.1.0.81.41546.104516.0.105524.16.12.4.0.0.0.66.544.9.9.0....0...1c.1j2.64.finance-immersive..3.5.251.0...0.U4gR1Co-R0Y#scso=_lKJaXfG-K6_nrgTfsZfABQ10:0
IOI GROUP ,Public,Commodities,,myr,1961.KLA,KLSE: IOICORP,"https://www.google.com/search?tbm=fin&ei=AvZDXafQGMvbwQLqgamACQ&stick=H4sIAAAAAAAAAONgecRozi3w8sc9YSm9SWtOXmPU4OIKzsgvd80rySypFJLiYoOyBKT4uHj00_UNCyoKjbIqikt4AIvjM1A8AAAA&q=KLSE:+IOICORP&oq=ioi&gs_l=finance-immersive.1.1.81l3.93178.300625.0.303711.17.16.1.0.0.0.112.764.9j2.11.0....0...1c.1j2.64.finance-immersive..5.8.491.0...0.XWcoyp_pVoY#scso=_M_dDXavOAcTXwQLpqpXACA10:0,_qqJaXfyyHs_1qwGH0rLICA10:0"
KIMBERLY CLARK ,Public,Commodities,,usd,KMB,NYSE: KMB,"https://www.google.com/search?tbm=fin&ei=M_dDXavOAcTXwQLpqpXACA&stick=H4sIAAAAAAAAAONgecRoyi3w8sc9YSmdSWtOXmNU4-IKzsgvd80rySypFJLgYoOy-KR4uLj0c_UNzKtyTIrMeQDoNen1OgAAAA&q=NYSE:+KMB&oq=KIMBERLY+CLARK&gs_l=finance-immersive.1.0.81l3.59099.59099.0.60921.1.1.0.0.0.0.65.65.1.1.0....0...1c.2.64.finance-immersive..0.1.65....0.wtZ1VZEsDH4#scso=_cPdDXe3IMsXNwQKIk7-ABg8:0,_u6JaXejKD6WJrwTalZqoBw8:0"
KLABIN ,Public,Commodities,,brl,KLBN4.SAO,BVMF: KLBN3,"https://www.google.com/search?tbm=fin&ei=kPdDXciRI4fJwQKA8o2wBw&stick=H4sIAAAAAAAAAONgecRoyi3w8sc9YSmdSWtOXmNU4-IKzsgvd80rySypFJLgYoOy-KR4uLj0c_UNkrMLTCuKeAACCsx3OgAAAA&q=BVMF:+KLBN3&oq=klabin&gs_l=finance-immersive.1.1.81l3.1957.2547.0.4225.6.6.0.0.0.0.72.379.6.6.0....0...1c.1.64.finance-immersive..0.6.379....0.Iurb0gOkD-M#scso=_lfdDXfDKItDEwQKVi66ACA6:0,_z6JaXaIeqOeuBLiEvYgO6:0"
KLK ,Public,Commodities,,myr,2445.KLA,KLSE: KLK,"https://www.google.com/search?tbm=fin&ei=lfdDXfDKItDEwQKVi66ACA&stick=H4sIAAAAAAAAAONgecRozi3w8sc9YSm9SWtOXmPU4OIKzsgvd80rySypFJLiYoOyBKT4uHj00_UNCyoKikyTjU14ABKopEQ8AAAA&q=KLSE:+KLK&oq=klk&gs_l=finance-immersive.1.0.81l3.42089.43518.0.48720.7.5.2.0.0.0.167.407.4j1.5.0....0...1c.1.64.finance-immersive..0.7.409....0.E9MYttOoVWs#scso=_x_dDXaRagaXBAvqWppgG10:0,_76JaXd7VJefirgShrLSQDw10:0"
LEMBAGA TABUNG HAJI,Public,Commodities,,myr,5112.KLA,KLSE: THPLANT,"https://www.google.com/search?tbm=fin&ei=X_hDXdvfLsPbwQLthLnYCA&q=TH+PLANTATIONS+BERHAD&oq=TH+PLANTATIONS+BERHAD&gs_l=finance-immersive.3...1918.71055.0.71564.19.16.0.3.3.0.118.1051.15j1.16.0....0...1c.1j2.64.finance-immersive..0.11.751...81j81i5k1.0.mv-WDsMc6Ng#scso=_p_hDXZqUOorawQLKzpPoCA6:0,__qJaXcDKFY-HrwTyuoWADg10:0"
NOBLE ,Public,Commodities,,usd,NE,NYSE: NE,https://www.google.com/search?tbm=fin&ei=F6NaXYnoIfKIrwTSm5rwDQ&stick=H4sIAAAAAAAAAONgecRoyi3w8sc9YSmdSWtOXmNU4-IKzsgvd80rySypFJLgYoOy-KR4uLj0c_UNzKuy4zMKeQDfV3wcOgAAAA&q=NYSE%3A+NE&oq=noble&gs_l=finance-immersive.1.0.81l3.5026.5727.0.9558.5.5.0.0.0.0.227.568.4j0j1.5.0....0...1c.1.64.finance-immersive..0.5.567....0.J6rgt6JF53M#scso=_IaNaXf2ZIuqjrgS7-63ICg8:0
NPC RESOURCES,Public,Commodities,,myr,5047.KLA,KLSE: NPC,https://www.google.com/search?tbm=fin&ei=QqNaXeaGFeuqrgTs2oOQDg&stick=H4sIAAAAAAAAAONgecRowS3w8sc9YSn9SWtOXmPU5OIKzsgvd80rySypFJLmYoOyBKX4uXj10_UNDZPNyo2KCg0KeACAnoTzPQAAAA&q=KLSE%3A+NPC&oq=NPC+RESOURCES&gs_l=finance-immersive.1.0.81.43465.43465.0.44500.1.1.0.0.0.0.107.107.0j1.1.0....0...1c.2.64.finance-immersive..0.1.107....0.qQCXHWpB2jw#scso=_b6NaXbKiMMP2qwHbl5bYCA4:0
Olam ,Public,Commodities,,sgd,O32.SGP,SGX: O32,"https://www.google.com/search?tbm=fin&ei=QvpDXcTQKsPJwALz3pPIBw&stick=H4sIAAAAAAAAAONgecRoyi3w8sc9YSmdSWtOXmNU4-IKzsgvd80rySypFJLgYoOy-KR4uLj0c_UNjCpyzA1yeACbyf3SOgAAAA&q=SGX:+O32&oq=olam&gs_l=finance-immersive.1.0.81l3.5122.43057.0.44935.7.7.0.0.0.0.76.262.4.4.0....0...1c.1.64.finance-immersive..3.4.262.0...0.jHVb7KcGc6E#scso=_cPpDXcGSD43MwAKh0IrgBg10:0,_faNaXcvRE-PkrgTgkYO4CA10:0"
POSCO DAEWOO ,Public,Commodities,,krw,047050.KOR,KRX: 047050,"https://www.google.com/search?q=POSCO+DAEWOO&tbm=fin#scso=_rftDXYzJKYrJwAKqkarYCA6:0,_kaNaXeqCDKbMrgTb0bxQ6:0"
SALIM ,Public,Commodities,,idr,SIMP.JKT,IDX: SIMP,"https://www.google.com/search?q=IDX:+SIMP&stick=H4sIAAAAAAAAAONgecRozi3w8sc9YSm9SWtOXmPU4OIKzsgvd80rySypFJLiYoOyBKT4uHj00_UNq4xLkqpKKix5AG1m6Iw8AAAA&tbm=fin#scso=_C_1DXd-7CYfIwQLgxJv4Bg10:0,_rKNaXaGNDu_IrgSQh5yICA10:0"
Sime Darby ,Public,Commodities,,myr,4197.KLA,KLSE: SIME,"https://www.google.com/search?tbm=fin&ei=C_1DXd-7CYfIwQLgxJv4Bg&stick=H4sIAAAAAAAAAONgecRozi3w8sc9YSm9SWtOXmPU4OIKzsgvd80rySypFJLiYoOyBKT4uHj00_UNq4xLkuIzKsp5ALVM_PE8AAAA&q=KLSE:+SIME&oq=Sime+Darby&gs_l=finance-immersive.1.0.81l3.79633.348157.0.349648.24.21.3.0.0.0.106.946.14j1.15.0....0...1c.1j2.64.finance-immersive..6.8.383.0...0.vigQ-fPzF3c#scso=_af5DXZzHIo_XwALjx5DwCA10:0,_uqNaXeW2F8v6qwHZ_pzgBA10:0"
SUNGAI BUDI GROUP ,Public,Commodities,,idr,TBLA.JKT,IDX: TBLA,"https://www.google.com/search?tbm=fin&ei=af5DXZzHIo_XwALjx5DwCA&stick=H4sIAAAAAAAAAONgecRozi3w8sc9YSm9SWtOXmPU4OIKzsgvd80rySypFJLiYoOyBKT4uHj00_UNq4xLkuJzs4x4ANlwjlQ8AAAA&q=IDX:+TBLA&oq=idx:tbla&gs_l=finance-immersive.1.0.81i8k1.23552.157168.0.158426.19.19.0.0.0.0.70.883.15.15.0....0...1c.1j2.64.finance-immersive..4.12.705.0..81j81i5k1.0.kvngiXFwaOE#scso=_CP9DXZDWLITQwQLfiJ3ABg10:0,_zaNaXZr7BPuHwPAPyfCgqAY10:0"
SUZANO ,Public,Commodities,,brl,SUZB3.SAO,BVMF: SUZB3,"https://www.google.com/search?tbm=fin&ei=k_RDXd_NCY7UwQKso6_oCA&stick=H4sIAAAAAAAAAONgecRowS3w8sc9YSn9SWtOXmPU5OIKzsgvd80rySypFJLmYoOyBKX4uXj10_UNDdPiC4wyzEuyeQCVOJr5PQAAAA&q=BVMF:+SUZB3&oq=suzano&gs_l=finance-immersive.1.0.81l2.736.1494.0.2560.6.6.0.0.0.0.70.302.5.5.0....0...1c.1.64.finance-immersive..1.5.301....0.pEIsz8G9SxU#scso=_lvRDXavdGM7OwQLOwIewCQ6:0,_36NaXaLSDcCIwPAPlJ-sgA86:0"
Wilmar ,Public,Commodities,,sgd,F34.SGP,SGX: F34,https://www.google.com/search?tbm=fin&ei=P_9DXejXEYvPwALekomoCA&stick=H4sIAAAAAAAAAONgecRozi3w8sc9YSm9SWtOXmPU4OIKzsgvd80rySypFJLiYoOyBKT4uHj00_UNDY0qU8yr8vJ4AG6G5gY8AAAA&q=SGX:+F34&oq=Wilmar&gs_l=finance-immersive.1.0.81l3.18749.18749.0.20074.1.1.0.0.0.0.63.63.1.1.0....0...1c.2.64.finance-immersive..0.1.63....0.f7je2UJgazk#scso=_9KNaXZKbGqaHrwTIjqeYAw10:0
JBS ,Public,Meat Producers,,brl,JBSS3.SAO,BVMF: JBSS3,"https://www.google.com/search?tbm=fin&ei=ev9DXbj8E9HUwQLl7pPoCA&stick=H4sIAAAAAAAAAONgecRoyi3w8sc9YSmdSWtOXmNU4-IKzsgvd80rySypFJLgYoOy-KR4uLj0c_UNkrMr87JyeAARqDOtOgAAAA&q=BVMF:+JBSS3&oq=jbs&gs_l=finance-immersive.1.0.81l3.78780.121729.0.123295.18.14.0.4.4.0.135.955.9j3.12.0....0...1c.1j2.64.finance-immersive..2.8.600.0..81i5k1.0.VwXYjGsKvt4#scso=_9v9DXa6sIojVwALj_L24Bw6:0,_CKRaXaXgF4zorgSJxafADA6:0"
Marfrig ,Public,Meat Producers,,brl,MRFG3.SAO,BVMF: MRFG3,"https://www.google.com/search?tbm=fin&ei=9v9DXa6sIojVwALj_L24Bw&q=Marfrig&oq=Marfrig&gs_l=finance-immersive.3..81l2.26495.26495.0.26814.1.1.0.0.0.0.62.62.1.1.0....0...1c.2.64.finance-immersive..0.1.62....0.LIn2pliIRFE#scso=_EwBEXfHvEZDLwAKnsY-YBw6:0,_IaRaXZnpNvLLrgSL-azgBw6:0"
Minerva ,Public,Meat Producers,,brl,BEEF3.SAO,BVMF: BEEF3,"https://www.google.com/search?tbm=fin&ei=LABEXciPH4GmwQLVmavoCA&stick=H4sIAAAAAAAAAONgecRoyi3w8sc9YSmdSWtOXmNU4-IKzsgvd80rySypFJLgYoOy-KR4uLj0c_UNkrNTLEqKeAD5GtwZOgAAAA&q=BVMF:+BEEF3&oq=minerva&gs_l=finance-immersive.1.1.81l3.2003.2946.0.5370.7.7.0.0.0.0.93.455.7.7.0....0...1c.1.64.finance-immersive..0.7.451....0.OrceZhxh44o#scso=_MgBEXbLuL4LDwAL4zrHQCQ6:0,_QaRaXdT7KoeprgS356KABQ6:0"
Tyson ,Public,Meat Producers,,usd,TSN,NYSE: TSN,"https://www.google.com/search?tbm=fin&ei=MgBEXbLuL4LDwAL4zrHQCQ&stick=H4sIAAAAAAAAAONgecRoyi3w8sc9YSmdSWtOXmNU4-IKzsgvd80rySypFJLgYoOy-KR4uLj0c_UNzKuyizPKeACe0dm5OgAAAA&q=NYSE:+TSN&oq=Tyson&gs_l=finance-immersive.1.0.81l2.50224.89516.0.90842.13.10.1.2.2.0.70.454.7.7.0....0...1c.1j2.64.finance-immersive..3.5.336.0...0.AvRE2LFR2RI#scso=_jgBEXYCEGtHfwQKZhq6oCA8:0,_VKRaXarIGOakrgT474CQBA8:0"